datasheet_id|line|Col1|Col2|Col3|Col4|Col5|
000000008|0|RemainingW|M|S|A||
000000008|1|7-12|7"|7|5||
000000008|2|4-6|6"|6|6||
000000008|3|1-3|5"|5|7||
000000026|0|RemainingW|M|S|A||
000000026|1|6-10|12"|6|3||
000000026|2|3-5|8"|5|D3||
000000026|3|1-2|6"|4|1||
000000029|0|RemainingW|M|BS|A||
000000029|1|7-12|20-60"|5+|3||
000000029|2|4-6|20-40"|5+|D3||
000000029|3|1-3|20-30"|6+|1||
000000030|0|RemainingW|M|BS|A||
000000030|1|7-12|20-60"|5+|3||
000000030|2|4-6|20-40"|5+|D3||
000000030|3|1-3|20-30"|6+|1||
000000031|0|RemainingW|M|BS|A||
000000031|1|7-12|20-60"|5+|3||
000000031|2|4-6|20-40"|5+|D3||
000000031|3|1-3|20-30"|6+|1||
000000032|0|RemainingW|M|BS|A||
000000032|1|7-12|20-60"|4+|3||
000000032|2|4-6|20-40"|5+|D3||
000000032|3|1-3|20-30"|6+|1||
000000039|0|RemainingW|M|S|A||
000000039|1|9-16|12"|8|6||
000000039|2|5-8|9"|6|D6||
000000039|3|1-4|6"|4|D3||
000000042|0|RemainingW|M|WS|A||
000000042|1|13-24|8"|3+|4||
000000042|2|7-12|7"|4+|3||
000000042|3|1-6|6"|5+|2||
000000043|0|RemainingW|M|WS|A||
000000043|1|13-24|8"|3+|5||
000000043|2|7-12|7"|4+|4||
000000043|3|1-6|6"|5+|3||
000000046|0|RemainingW|M|WS|A||
000000046|1|31-40|10"|3+|6||
000000046|2|21-30|9"|4+|5||
000000046|3|11-20|8"|4+|4||
000000046|4|1-10|6"|5+|3||
000000050|0|RemainingW|M|S|A||
000000050|1|6-11|6+D6"|6|4||
000000050|2|3-5|3+D6"|5|2||
000000050|3|1-2|D6"|4|1||
000000051|0|RemainingW|M|S|A||
000000051|1|10-18|10"|8|4||
000000051|2|5-9|8"|7|3||
000000051|3|1-4|6"|6|2||
000000052|0|RemainingW|M|WS|A||
000000052|1|9-16|8"|3+|4||
000000052|2|5-8|6"|4+|3||
000000052|3|1-4|4"|5+|2||
000000053|0|RemainingW|M|S|A||
000000053|1|9-16|12"|8|6||
000000053|2|5-8|9"|6|D6||
000000053|3|1-4|6"|4|D3||
000000054|0|RemainingW|M|S|A||
000000054|1|7-12|14"|6|4||
000000054|2|4-6|10"|5|2||
000000054|3|1-3|7"|4|1||
000000055|0|RemainingW|M|S|A||
000000055|1|9-16|12"|8|6||
000000055|2|5-8|9"|6|D6||
000000055|3|1-4|6"|4|D3||
000000056|0|RemainingW|M|S|A||
000000056|1|13-24|12"|8|8||
000000056|2|7-12|9"|7|6||
000000056|3|1-6|6"|6|4||
000000057|0|RemainingW|M|WS|BS|A|
000000057|1|6-10|16"|3+|5+|3|
000000057|2|3-5|14"|4+|6+|D3|
000000057|3|1-2|12"|5+|6+|1|
000000058|0|RemainingW|M|WS|A||
000000058|1|31-40|10"|3+|6||
000000058|2|21-30|9"|4+|5||
000000058|3|11-20|8"|4+|4||
000000058|4|1-10|6"|5+|3||
000000059|0|RemainingW|M|S|A||
000000059|1|19-36|10"|12|8||
000000059|2|10-18|8"|10|7||
000000059|3|1-9|6"|8|6||
000000109|0|RemainingW|M|BS|A||
000000109|1|6-10|12"|3+|3||
000000109|2|3-5|6"|4+|D3||
000000109|3|1-2|3"|5+|1||
000000110|0|RemainingW|M|BS|A||
000000110|1|6-10|12"|3+|3||
000000110|2|3-5|6"|4+|D3||
000000110|3|1-2|3"|5+|1||
000000111|0|RemainingW|M|BS|A||
000000111|1|6-10|12"|3+|3||
000000111|2|3-5|6"|4+|D3||
000000111|3|1-2|3"|5+|1||
000000113|0|RemainingW|M|BS|A||
000000113|1|6-10|20-60"|3+|3||
000000113|2|3-5|20-45"|4+|D3||
000000113|3|1-2|20-30"|5+|1||
000000114|0|RemainingW|M|BS|A||
000000114|1|6-10|20-50"|3+|3||
000000114|2|3-5|20-40"|4+|D3||
000000114|3|1-2|20-30"|5+|1||
000000119|0|RemainingW|M|BS|A||
000000119|1|6-11|12"|3+|3||
000000119|2|3-5|6"|4+|D3||
000000119|3|1-2|3"|5+|1||
000000120|0|RemainingW|M|BS|A||
000000120|1|6-11|12"|3+|3||
000000120|2|3-5|6"|4+|D3||
000000120|3|1-2|3"|5+|1||
000000121|0|RemainingW|M|BS|A||
000000121|1|6-11|10"|3+|3||
000000121|2|3-5|5"|4+|D3||
000000121|3|1-2|3"|5+|1||
000000122|0|RemainingW|M|BS|A||
000000122|1|6-11|10"|3+|3||
000000122|2|3-5|5"|4+|D3||
000000122|3|1-2|3"|5+|1||
000000123|0|RemainingW|M|BS|A||
000000123|1|6-11|10"|3+|3||
000000123|2|3-5|5"|4+|D3||
000000123|3|1-2|3"|5+|1||
000000124|0|RemainingW|M|BS|A||
000000124|1|8-14|20-45"|3+|6||
000000124|2|4-7|20-35"|4+|D6||
000000124|3|1-3|20-25"|5+|D3||
000000125|0|RemainingW|M|BS|A||
000000125|1|9-16|10"|3+|6||
000000125|2|5-8|5"|4+|D6||
000000125|3|1-4|3"|5+|D3||
000000126|0|RemainingW|M|BS|A||
000000126|1|9-16|10"|3+|6||
000000126|2|5-8|5"|4+|D6||
000000126|3|1-4|3"|5+|D3||
000000127|0|RemainingW|M|BS|A||
000000127|1|9-16|10"|3+|6||
000000127|2|5-8|5"|4+|D6||
000000127|3|1-4|3"|5+|D3||
000000128|0|RemainingW|M|BS|A||
000000128|1|9-16|10"|3+|6||
000000128|2|5-8|5"|4+|D6||
000000128|3|1-4|3"|5+|1||
000000140|0|RemainingW|M|BS|A||
000000140|1|9-16|10"|3+|6||
000000140|2|5-8|5"|4+|D6||
000000140|3|1-4|3"|5+|1||
000000243|0|RemainingW|BS||||
000000243|1|16-30|4+||||
000000243|2|9-15|5+||||
000000243|3|1-8|6+||||
000000389|0|RemainingW|M|BS|A||
000000389|1|7-13|9"|3+|5||
000000389|2|4-6|7"|4+|4||
000000389|3|1-3|5"|5+|3||
000000391|0|RemainingW|M|BS|A||
000000391|1|9-16|10"|3+|6||
000000391|2|5-8|5"|4+|D6||
000000391|3|1-4|3"|5+|D3||
000000392|0|RemainingW|M|BS|A||
000000392|1|9-16|10"|3+|6||
000000392|2|5-8|5"|4+|D6||
000000392|3|1-4|3"|5+|D3||
000000393|0|RemainingW|M|BS|A||
000000393|1|9-16|10"|3+|6||
000000393|2|5-8|5"|4+|D6||
000000393|3|1-4|3"|5+|D3||
000000395|0|RemainingW|M|BS|A||
000000395|1|6-10|12"|3+|3||
000000395|2|3-5|6"|4+|D3||
000000395|3|1-2|3"|5+|1||
000000396|0|RemainingW|M|BS|A||
000000396|1|6-10|12"|3+|3||
000000396|2|3-5|6"|4+|D3||
000000396|3|1-2|3"|5+|1||
000000398|0|RemainingW|M|BS|A||
000000398|1|8-14|20-45"|3+|6||
000000398|2|4-7|20-35"|4+|D6||
000000398|3|1-3|20-25"|5+|D3||
000000420|0|RemainingW|M|BS|A||
000000420|1|7-12|12"|4+|3||
000000420|2|4-6|8"|5+|D3||
000000420|3|1-3|4"|5+|1||
000000421|0|RemainingW|M|BS|A||
000000421|1|8-14|12"|4+|6||
000000421|2|5-7|8"|5+|5||
000000421|3|1-4|4"|6+|4||
000000424|0|RemainingW|M|BS|A||
000000424|1|7-13|12"|4+|3||
000000424|2|4-6|8"|5+|D3||
000000424|3|1-3|4"|6+|1||
000000425|0|RemainingW|M|BS|A||
000000425|1|7-12|20-50"|4+|3||
000000425|2|4-6|20-30"|5+|D3||
000000425|3|1-3|20-25"|6+|1||
000000426|0|RemainingW|M|BS|A||
000000426|1|7-12|20-50"|4+|3||
000000426|2|4-6|20-30"|5+|D3||
000000426|3|1-3|20-25"|6+|1||
000000430|0|RemainingW|M|BS|A||
000000430|1|8-14|12"|4+|3||
000000430|2|4-7|8"|5+|D3||
000000430|3|1-3|4"|6+|1||
000000431|0|RemainingW|M|BS|A||
000000431|1|8-14|12"|3+|3||
000000431|2|4-7|8"|4+|D3||
000000431|3|1-3|4"|5+|1||
000000432|0|RemainingW|M|BS|A||
000000432|1|8-14|12"|4+|3||
000000432|2|4-7|8"|5+|D3||
000000432|3|1-3|4"|6+|1||
000000434|0|RemainingW|BS|S|A||
000000434|1|12-22|4+|8|3||
000000434|2|6-11|5+|7|D3||
000000434|3|1-5|6+|6|1||
000000444|0|RemainingW|M|BS|A||
000000444|1|8-14|18"|4+|4||
000000444|2|4-7|12"|5+|3||
000000444|3|1-3|6"|5+|2||
000000445|0|RemainingW|M|BS|A||
000000445|1|8-15|8"|4+|4||
000000445|2|4-7|6"|5+|3||
000000445|3|1-3|4"|5+|2||
000000446|0|RemainingW|M|BS|A||
000000446|1|16-30|10"|3+|4||
000000446|2|8-15|8"|4+|3||
000000446|3|1-7|6"|5+|2||
000000453|0|RemainingW|M|BS|A||
000000453|1|8-14|20-65"|4+|3||
000000453|2|4-7|20-45"|5+|D3||
000000453|3|1-3|20-30"|5+|1||
000000454|0|RemainingW|M|BS|A||
000000454|1|10-18|20-65"|4+|3||
000000454|2|5-9|20-45"|5+|D3||
000000454|3|1-4|20-30"|6+|1||
000000455|0|RemainingW|M|BS|A||
000000455|1|10-18|20-65"|4+|3||
000000455|2|5-9|20-45"|5+|D3||
000000455|3|1-4|20-30"|6+|1||
000000456|0|RemainingW|M|BS|A||
000000456|1|8-28|20"-55"|4+|3||
000000456|2|4-7|20"-40"|5+|D3||
000000456|3|1-3|20"-25"|6+|1||
000000457|0|RemainingW|M|BS|A||
000000457|1|46-60|20-60"|4+|12||
000000457|2|31-45|20-50"|4+|9||
000000457|3|16-30|20-40"|5+|6||
000000457|4|1-15|20-30"|5+|3||
000000460|0|RemainingW|M|WS|BS||
000000460|1|7-12|9"|2+|2+||
000000460|2|4-6|8"|3+|3+||
000000460|3|1-3|6"|4+|4+||
000000461|0|RemainingW|M|WS|BS||
000000461|1|7-13|9"|2+|2+||
000000461|2|4-6|8"|3+|3+||
000000461|3|1-3|6"|4+|4+||
000000465|0|RemainingW|M|WS|BS||
000000465|1|9-17|8"|3+|3+||
000000465|2|5-8|7"|4+|4+||
000000465|3|1-4|6"|5+|5+||
000000474|0|RemainingW|M|WS|BS||
000000474|1|8-15|8"|3+|3+||
000000474|2|5-7|7"|4+|4+||
000000474|3|1-4|5"|5+|5+||
000000478|0|RemainingW|M|WS|BS||
000000478|1|8-15|8"|3+|3+||
000000478|2|5-7|7"|4+|4+||
000000478|3|1-4|5"|5+|5+||
000000485|0|RemainingW|M|WS|BS||
000000485|1|7-13|15-40"|3+|3+||
000000485|2|4-6|15-30"|4+|4+||
000000485|3|1-3|15-20"|5+|5+||
000000486|0|RemainingW|M|WS|BS||
000000486|1|7-13|15-40"|3+|3+||
000000486|2|4-6|15-30"|4+|4+||
000000486|3|1-3|15-20"|5+|5+||
000000489|0|RemainingW|M|S|A||
000000489|1|8-15|8"|7|6||
000000489|2|5-7|6"|6|5||
000000489|3|1-4|4"|5|4||
000000492|0|RemainingW|M|WS|BS||
000000492|1|7-14|10"|3+|3+||
000000492|2|4-6|8"|4+|4+||
000000492|3|1-3|6"|5+|5+||
000000493|0|RemainingW|M|WS|BS||
000000493|1|7-14|10"|3+|3+||
000000493|2|4-6|8"|4+|4+||
000000493|3|1-3|6"|5+|5+||
000000494|0|RemainingW|M|WS|BS||
000000494|1|7-14|10"|3+|3+||
000000494|2|4-6|8"|4+|4+||
000000494|3|1-3|6"|5+|5+||
000000495|0|RemainingW|M|WS|BS||
000000495|1|8-15|8"|3+|3+||
000000495|2|5-7|7"|4+|4+||
000000495|3|1-4|5"|5+|5+||
000000496|0|RemainingW|M|WS|BS||
000000496|1|9-17|9"|3+|3+||
000000496|2|5-8|8"|4+|4+||
000000496|3|1-4|6"|5+|5+||
000000497|0|RemainingW|M|WS|BS||
000000497|1|8-15|8"|3+|3+||
000000497|2|5-7|7"|4+|4+||
000000497|3|1-4|5"|5+|5+||
000000498|0|RemainingW|BS|S|A||
000000498|1|6-10|5+|7|6||
000000498|2|3-5|6+|6|5||
000000498|3|1-2|6+|5|4||
000000500|0|RemainingW|M|WS|BS||
000000500|1|10-18|12"|3+|3+||
000000500|2|5-9|9"|4+|4+||
000000500|3|1-4|6"|5+|5+||
000000503|0|RemainingW|M|WS|BS||
000000503|1|10-18|8"|3+|3+||
000000503|2|5-9|6"|4+|4+||
000000503|3|1-4|4"|5+|5+||
000000504|0|RemainingW|M|WS|BS||
000000504|1|18-34|20-45"|3+|3+||
000000504|2|10-17|20-35"|4+|4+||
000000504|3|1-9|20-25"|5+|5+||
000000505|0|RemainingW|M|WS|BS||
000000505|1|18-34|10"|3+|3+||
000000505|2|10-17|8"|4+|4+||
000000505|3|1-9|6"|5+|5+||
000000506|0|RemainingW|M|WS|BS||
000000506|1|10-18|12"|3+|3+||
000000506|2|5-9|9"|4+|4+||
000000506|3|1-4|6"|5+|5+||
000000516|0|RemainingW|M|BS|A||
000000516|1|6-10|12"|4+|3||
000000516|2|3-5|9"|5+|D3||
000000516|3|1-2|4"|6+|1||
000000521|0|RemainingW|M|BS|A||
000000521|1|6-10|12"|4+|6||
000000521|2|3-5|9"|5+|D6||
000000521|3|1-2|6"|6+|D3||
000000540|0|RemainingW|M|WS|BS||
000000540|1|7-12|10"|3+|3+||
000000540|2|4-6|8"|4+|4+||
000000540|3|1-3|6"|5+|5+||
000000543|0|RemainingW|M|BS|A||
000000543|1|8-14|12"|3+|3||
000000543|2|4-7|8"|4+|D3||
000000543|3|1-3|4"|5+|1||
000000544|0|RemainingW|M|BS|A||
000000544|1|7-12|20-50"|3+|3||
000000544|2|4-6|20-40"|4+|D3||
000000544|3|1-3|20-30"|5+|1||
000000545|0|RemainingW|M|BS|A||
000000545|1|7-12|20-50"|3+|3||
000000545|2|4-6|20-40"|4+|D3||
000000545|3|1-3|20-30"|5+|1||
000000552|0|RemainingW|M|BS|A||
000000552|1|13-24|8"|3+|6||
000000552|2|7-12|6"|4+|D6||
000000552|3|1-6|4"|5+|D3||
000000554|0|RemainingW|M|BS|A||
000000554|1|8-14|12"|3+|3||
000000554|2|4-7|8"|4+|D3||
000000554|3|1-3|4"|5+|1||
000000556|0|RemainingW|M|BS|A||
000000556|1|16-30|8"|3+|6||
000000556|2|9-15|6"|4+|D6||
000000556|3|1-8|4"|5+|D3||
000000557|0|RemainingW|M|BS|A||
000000557|1|15-28|8"|3+|6||
000000557|2|8-14|6"|4+|D6||
000000557|3|1-7|4"|5+|D3||
000000561|0|RemainingW|M|BS|A||
000000561|1|8-14|20-50"|3+|3||
000000561|2|4-7|20-40"|4+|D3||
000000561|3|1-3|20-30"|5+|1||
000000564|0|RemainingW|M|BS|A||
000000564|1|6-10|12"|3+|3||
000000564|2|3-5|8"|4+|D3||
000000564|3|1-2|4"|5+|1||
000000567|0|RemainingW|BS||||
000000567|1|16-30|3+||||
000000567|2|8-15|4+||||
000000567|3|1-7|5+||||
000000581|0|RemainingW|M|BS|A||
000000581|1|8-14|10"|2+|7||
000000581|2|4-7|9"|3+|6||
000000581|3|1-3|8"|4+|5||
000000599|0|RemainingW|M|BS|A||
000000599|1|7-13|16"|3+|3||
000000599|2|4-6|12"|4+|D3||
000000599|3|1-3|8"|5+|1||
000000603|0|RemainingW|M|BS|A||
000000603|1|7-12|20-60"|3+|3||
000000603|2|4-6|20-40"|4+|D3||
000000603|3|1-3|20-25"|5+|1||
000000606|0|RemainingW|M|BS|A||
000000606|1|4-12|20-60"|3+|3||
000000606|2|2-3|20-40"|4+|D3||
000000606|3|1|20-25"|5+|1||
000000609|0|RemainingW|M|BS|A||
000000609|1|7-12|16"|3+|3||
000000609|2|4-6|12"|4+|D3||
000000609|3|1-3|8"|5+|1||
000000610|0|RemainingW|M|BS|A||
000000610|1|7-12|16"|3+|3||
000000610|2|4-6|12"|4+|D3||
000000610|3|1-3|8"|5+|1||
000000611|0|RemainingW|M|BS|A||
000000611|1|7-12|16"|3+|3||
000000611|2|4-6|12"|4+|D3||
000000611|3|1-3|8"|5+|1||
000000614|0|RemainingW|M|WS|BS||
000000614|1|12-22|12"|3+|3+||
000000614|2|6-11|10"|4+|4+||
000000614|3|1-5|8"|5+|5+||
000000619|0|RemainingW|M|BS|A||
000000619|1|7-12|16"|3+|3||
000000619|2|4-6|12"|4+|D3||
000000619|3|1-3|8"|5+|1||
000000620|0|RemainingW|M|BS|A||
000000620|1|9-16|18"|3+|3||
000000620|2|5-8|14"|4+|D3||
000000620|3|1-4|10"|5+|1||
000000621|0|RemainingW|M|BS|A||
000000621|1|14-26|14"|3+|6||
000000621|2|7-13|10"|4+|3||
000000621|3|1-6|4"|5+|D3||
000000622|0|RemainingW|M|BS|A||
000000622|1|14-26|14"|3+|6||
000000622|2|7-13|10"|4+|3||
000000622|3|1-6|6"|5+|D3||
000000623|0|RemainingW|M|BS|A||
000000623|1|8-14|20-60"|3+|3||
000000623|2|4-7|20-40"|4+|D3||
000000623|3|1-3|20-25"|5+|1||
000000624|0|RemainingW|M|BS|A||
000000624|1|9-16|20-60"|3+|3||
000000624|2|5-8|20-40"|4+|D3||
000000624|3|1-4|20-25"|5+|1||
000000625|0|RemainingW|M|BS|A||
000000625|1|17-32|20-50"|3+|6||
000000625|2|9-16|20-40"|4+|D6||
000000625|3|1-8|20-25"|5+|D3||
000000626|0|RemainingW|M|BS|A||
000000626|1|17-32|20-50"|3+|6||
000000626|2|9-16|20-40"|4+|D6||
000000626|3|1-8|20-25"|5+|D3||
000000627|0|RemainingW|M|WS|BS||
000000627|1|13-24|12"|3+|3+||
000000627|2|7-12|10"|4+|4+||
000000627|3|1-6|8"|5+|5+||
000000628|0|RemainingW|M|WS|BS||
000000628|1|17-32|30"|3+|3+||
000000628|2|9-16|24"|4+|4+||
000000628|3|1-8|18"|5+|5+||
000000631|0|RemainingW|M|WS|BS||
000000631|1|46-60|24"|3+|3+||
000000631|2|31-45|20"|3+|4+||
000000631|3|16-30|16"|4+|4+||
000000631|4|1-15|12"|5+|5+||
000000656|0|RemainingW|M|BS|A||
000000656|1|6-10|14"|3+|3||
000000656|2|3-5|10"|4+|D3||
000000656|3|1-2|6"|5+|1||
000000660|0|RemainingW|M|BS|A||
000000660|1|6-10|20-72"|3+|3||
000000660|2|3-5|20-48"|4+|D3||
000000660|3|1-2|20-32"|5+|1||
000000661|0|RemainingW|M|BS|A||
000000661|1|7-12|20-60"|3+|3||
000000661|2|4-6|20-40"|4+|D3||
000000661|3|1-3|20-25"|5+|1||
000000665|0|RemainingW|M|BS|A||
000000665|1|6-11|14"|3+|3||
000000665|2|3-5|10"|4+|D3||
000000665|3|1-2|6"|5+|1||
000000666|0|RemainingW|M|BS|A||
000000666|1|6-10|14"|3+|3||
000000666|2|3-5|10"|4+|D3||
000000666|3|1-2|6"|5+|1||
000000667|0|RemainingW|M|BS|A||
000000667|1|10-18|16"|3+|6||
000000667|2|5-9|12"|4+|4||
000000667|3|1-4|8"|5+|2||
000000680|0|RemainingW|M|BS|A||
000000680|1|7-12|10"|3+|3||
000000680|2|4-6|7"|4+|D3||
000000680|3|1-3|4"|5+|1||
000000692|0|RemainingW|M|BS|A||
000000692|1|6-10|12"|4+|3||
000000692|2|3-5|8"|5+|D3||
000000692|3|1-2|4"|6+|1||
000000693|0|RemainingW|M|BS|A||
000000693|1|6-10|14"|4+|3||
000000693|2|3-5|10"|5+|D3||
000000693|3|1-2|6"|6+|1||
000000694|0|RemainingW|M|BS|A||
000000694|1|6-11|12"|4+|3||
000000694|2|3-5|8"|5+|D3||
000000694|3|1-2|4"|6+|1||
000000695|0|RemainingW|M|BS|A||
000000695|1|6-11|12"|4+|3||
000000695|2|3-5|8"|5+|D3||
000000695|3|1-2|4"|6+|1||
000000696|0|RemainingW|M|BS|A||
000000696|1|6-11|12"|4+|3||
000000696|2|3-5|8"|5+|D3||
000000696|3|1-2|4"|6+|1||
000000697|0|RemainingW|M|BS|A||
000000697|1|6-11|12"|4+|3||
000000697|2|3-5|8"|5+|D3||
000000697|3|1-2|4"|6+|1||
000000698|0|RemainingW|M|BS|A||
000000698|1|6-11|12"|4+|3||
000000698|2|3-5|8"|5+|D3||
000000698|3|1-2|4"|6+|1||
000000699|0|RemainingW|M|BS|A||
000000699|1|6-11|12"|4+|3||
000000699|2|3-5|8"|5+|D3||
000000699|3|1-2|4"|6+|1||
000000700|0|RemainingW|M|BS|A||
000000700|1|7-12|10"|4+|3||
000000700|2|4-6|7"|5+|D3||
000000700|3|1-3|4"|6+|1||
000000702|0|RemainingW|M|BS|A||
000000702|1|14-26|10"|4+|9||
000000702|2|7-13|7"|5+|6||
000000702|3|1-6|4"|6+|3||
000000703|0|RemainingW|M|BS|A||
000000703|1|14-26|10"|4+|9||
000000703|2|7-13|7"|5+|6||
000000703|3|1-6|4"|6+|3||
000000704|0|RemainingW|M|BS|A||
000000704|1|14-26|10"|4+|9||
000000704|2|7-13|7"|5+|6||
000000704|3|1-6|4"|6+|3||
000000705|0|RemainingW|M|BS|A||
000000705|1|14-26|10"|4+|9||
000000705|2|7-13|7"|5+|6||
000000705|3|1-6|4"|6+|3||
000000706|0|RemainingW|M|BS|A||
000000706|1|14-26|10"|4+|9||
000000706|2|7-13|7"|5+|6||
000000706|3|1-6|4"|6+|3||
000000707|0|RemainingW|M|BS|A||
000000707|1|14-26|10"|4+|9||
000000707|2|7-13|7"|5+|6||
000000707|3|1-6|4"|6+|3||
000000708|0|RemainingW|M|BS|A||
000000708|1|14-26|10"|4+|9||
000000708|2|7-13|7"|5+|6||
000000708|3|1-6|4"|6+|3||
000000709|0|RemainingW|M|BS|A||
000000709|1|14-26|10"|4+|9||
000000709|2|7-13|7"|5+|6||
000000709|3|1-6|4"|6+|3||
000000712|0|RemainingW|M|BS|A||
000000712|1|7-12|10"|2+|3||
000000712|2|4-6|7"|3+|D3||
000000712|3|1-3|4"|4+|1||
000000721|0|RemainingW|M|BS|A||
000000721|1|6-10|14"|3+|3||
000000721|2|3-5|10"|4+|D3||
000000721|3|1-2|6"|5+|1||
000000727|0|RemainingW|M|BS|||
000000727|1|8-14|20-45"|4+|||
000000727|2|4-7|20-30"|5+|||
000000727|3|1-3|20"|6+|||
000000728|0|RemainingW|M|BS|A||
000000728|1|6-11|12"|4+|3||
000000728|2|3-5|8"|5+|D3||
000000728|3|1-2|4"|6+|1||
000000729|0|RemainingW|M|BS|A||
000000729|1|6-10|12"|3+|3||
000000729|2|3-5|8"|4+|D3||
000000729|3|1-2|4"|5+|1||
000000733|0|RemainingW|M|BS|A||
000000733|1|6-10|12"|4+|3||
000000733|2|3-5|8"|5+|D3||
000000733|3|1-2|4"|6+|1||
000000735|0|RemainingW|M|BS|A||
000000735|1|6-10|12"|4+|3||
000000735|2|3-5|8"|5+|D3||
000000735|3|1-2|4"|6+|1||
000000738|0|RemainingW|M|BS|A||
000000738|1|6-11|12"|4+|3||
000000738|2|3-5|8"|5+|D3||
000000738|3|1-2|4"|6+|1||
000000739|0|RemainingW|M|BS|A||
000000739|1|6-11|12"|4+|3||
000000739|2|3-5|8"|5+|D3||
000000739|3|1-2|4"|6+|1||
000000740|0|RemainingW|M|BS|A||
000000740|1|7-12|8"|4+|3||
000000740|2|4-6|6"|5+|D3||
000000740|3|1-3|4"|6+|1||
000000744|0|RemainingW|M|BS|A||
000000744|1|6-11|8"|4+|3||
000000744|2|3-5|6"|5+|D3||
000000744|3|1-2|4"|6+|1||
000000751|0|RemainingW|M|BS|A||
000000751|1|10-18|10"|4+|3||
000000751|2|5-9|7"|5+|D3||
000000751|3|1-4|4"|6+|1||
000000752|0|RemainingW|M|BS|A||
000000752|1|10-18|10"|4+|3||
000000752|2|5-9|7"|5+|D3||
000000752|3|1-4|4"|6+|1||
000000753|0|RemainingW|M|BS|A||
000000753|1|10-18|10"|4+|3||
000000753|2|5-9|7"|5+|D3||
000000753|3|1-4|4"|6+|1||
000000754|0|RemainingW|M|BS|A||
000000754|1|10-18|10"|4+|3||
000000754|2|5-9|7"|5+|D3||
000000754|3|1-4|4"|6+|1||
000000760|0|RemainingW|M|BS|A||
000000760|1|6-10|10"|4+|3||
000000760|2|3-5|7"|5+|D3||
000000760|3|1-2|4"|6+|1||
000000761|0|RemainingW|M|BS|A||
000000761|1|7-12|10"|4+|3||
000000761|2|4-6|7"|5+|D3||
000000761|3|1-3|4"|6+|1||
000000763|0|RemainingW|M|BS|A||
000000763|1|14-26|10"|4+|6||
000000763|2|7-13|7"|5+|D6||
000000763|3|1-6|4"|6+|D3||
000000764|0|RemainingW|M|BS|A||
000000764|1|14-26|10"|4+|9||
000000764|2|7-13|7"|5+|6||
000000764|3|1-6|4"|6+|3||
000000766|0|RemainingW|M|BS|A||
000000766|1|11-20|10"|4+|6||
000000766|2|6-10|7"|5+|D6||
000000766|3|1-5|4"|6+|D3||
000000767|0|RemainingW|M|BS|A||
000000767|1|11-20|10"|4+|3||
000000767|2|5-10|7"|5+|D3||
000000767|3|1-4|4"|6+|1||
000000768|0|RemainingW|M|BS|A||
000000768|1|12-22|10"|4+|5||
000000768|2|6-11|7"|5+|3||
000000768|3|1-5|4"|6+|D3||
000000769|0|RemainingW|M|BS|A||
000000769|1|12-22|10"|4+|6||
000000769|2|6-11|7"|5+|D6||
000000769|3|1-5|4"|6+|D3||
000000770|0|RemainingW|M|BS|A||
000000770|1|12-22|10"|4+|3||
000000770|2|6-11|7"|5+|D3||
000000770|3|1-5|4"|6+|1||
000000771|0|RemainingW|M|BS|A||
000000771|1|12-22|10"|4+|6||
000000771|2|6-11|7"|5+|D6||
000000771|3|1-5|4"|6+|D3||
000000772|0|RemainingW|M|BS|A||
000000772|1|12-22|10"|4+|6||
000000772|2|6-11|7"|5+|D6||
000000772|3|1-5|4"|6+|D3||
000000773|0|RemainingW|M|BS|A||
000000773|1|11-20|20-45"|4+|3||
000000773|2|6-10|20-35"|5+|D3||
000000773|3|1-5|20-25"|6+|1||
000000774|0|RemainingW|M|BS|A||
000000774|1|11-20|20-45"|4+|3||
000000774|2|6-10|20-35"|5+|D3||
000000774|3|1-5|20-25"|6+|1||
000000775|0|RemainingW|M|BS|A||
000000775|1|12-22|10"|4+|6||
000000775|2|6-11|7"|5+|D6||
000000775|3|1-5|4"|6+|D3||
000000776|0|RemainingW|M|BS|A||
000000776|1|11-20|10"|4+|6||
000000776|2|6-10|7"|5+|D6||
000000776|3|1-5|4"|6+|D3||
000000777|0|RemainingW|M|BS|A||
000000777|1|11-20|10"|4+|6||
000000777|2|6-10|7"|5+|D6||
000000777|3|1-5|4"|6+|D3||
000000778|0|RemainingW|M|BS|A||
000000778|1|7-12|20-45"|4+|3||
000000778|2|4-6|20-30"|5+|D3||
000000778|3|1-3|20-25"|6+|1||
000000780|0|RemainingW|M|BS|A||
000000780|1|8-14|20-45"|4+|3||
000000780|2|4-7|20-35"|5+|D3||
000000780|3|1-3|20-25"|6+|1||
000000781|0|RemainingW|M|BS|A||
000000781|1|8-14|20-45"|4+|3||
000000781|2|4-7|20-35"|5+|D3||
000000781|3|1-3|20-25"|6+|1||
000000782|0|RemainingW|M|BS|A||
000000782|1|8-15|20-45"|4+|3||
000000782|2|4-7|20-35"|5+|D3||
000000782|3|1-3|20-25"|6+|1||
000000783|0|RemainingW|M|BS|A||
000000783|1|8-14|20-45"|4+|3||
000000783|2|4-7|20-35"|5+|D3||
000000783|3|1-3|20-25"|6+|1||
000000784|0|RemainingW|M|BS|A||
000000784|1|8-14|20-45"|4+|3||
000000784|2|4-7|20-35"|5+|D3||
000000784|3|1-3|20-25"|6+|1||
000000854|0|RemainingW|M|BS|A||
000000854|1|6-11|8"|3+|3||
000000854|2|3-5|6"|4+|D3||
000000854|3|1-2|4"|5+|1||
000000855|0|RemainingW|M|WS|BS||
000000855|1|13-24|10"|3+|3+||
000000855|2|7-12|8"|4+|4+||
000000855|3|1-6|6"|5+|5+||
000000856|0|RemainingW|M|WS|BS||
000000856|1|13-24|10"|3+|3+||
000000856|2|7-12|8"|4+|4+||
000000856|3|1-6|6"|5+|5+||
000000857|0|RemainingW|M|WS|BS||
000000857|1|13-24|10"|3+|3+||
000000857|2|7-12|8"|4+|4+||
000000857|3|1-6|6"|5+|5+||
000000858|0|RemainingW|M|WS|BS||
000000858|1|13-24|12"|2+|3+||
000000858|2|7-12|10"|3+|4+||
000000858|3|1-6|8"|4+|5+||
000000859|0|RemainingW|M|WS|BS||
000000859|1|13-24|10"|3+|3+||
000000859|2|7-12|8"|4+|4+||
000000859|3|1-6|6"|5+|5+||
000000860|0|RemainingW|M|WS|BS||
000000860|1|16-30|8"|4+|3+||
000000860|2|8-15|6"|5+|4+||
000000860|3|1-7|4"|6+|5+||
000000861|0|RemainingW|M|WS|BS||
000000861|1|14-26|12"|3+|3+||
000000861|2|7-13|10"|4+|4+||
000000861|3|1-6|8"|5+|5+||
000000862|0|RemainingW|M|WS|BS||
000000862|1|14-26|12"|3+|3+||
000000862|2|7-13|10"|4+|4+||
000000862|3|1-6|8"|5+|5+||
000000863|0|RemainingW|M|WS|BS||
000000863|1|14-26|12"|3+|3+||
000000863|2|7-13|10"|4+|4+||
000000863|3|1-6|8"|5+|5+||
000000864|0|RemainingW|M|WS|BS||
000000864|1|14-26|14"|3+|3+||
000000864|2|7-13|12"|4+|4+||
000000864|3|1-6|10"|5+|5+||
000000865|0|RemainingW|M|WS|BS||
000000865|1|13-24|12"|3+|3+||
000000865|2|7-12|9"|4+|4+||
000000865|3|1-6|6"|5+|5+||
000000866|0|RemainingW|M|WS|BS||
000000866|1|13-24|12"|3+|3+||
000000866|2|7-12|9"|4+|4+||
000000866|3|1-6|6"|5+|5+||
000000867|0|RemainingW|M|WS|BS||
000000867|1|38-50|20"|4+|3+||
000000867|2|26-37|16"|5+|4+||
000000867|3|13-25|12"|5+|4+||
000000867|4|1-12|8"|6+|5+||
000000868|0|RemainingW|M|WS|BS||
000000868|1|53-70|18"|4+|3+||
000000868|2|36-52|14"|4+|4+||
000000868|3|18-35|10"|5+|4+||
000000868|4|1-17|6"|6+|5+||
000000869|0|RemainingW|M|WS|BS||
000000869|1|91-120|12"|4+|3+||
000000869|2|61-90|10"|4+|4+||
000000869|3|31-60|8"|5+|4+||
000000869|4|1-30|6"|6+|5+||
000000884|0|RemainingW|M|BS|A||
000000884|1|9-16|10"|2+|6||
000000884|2|5-8|5"|3+|D6||
000000884|3|1-4|3"|4+|1||
000000910|0|RemainingW|M|BS|A||
000000910|1|6-10|12"|3+|3||
000000910|2|3-5|6"|4+|D3||
000000910|3|1-2|3"|5+|1||
000000911|0|RemainingW|M|BS|A||
000000911|1|6-11|12"|3+|3||
000000911|2|3-5|6"|4+|D3||
000000911|3|1-2|3"|5+|1||
000000912|0|RemainingW|M|BS|A||
000000912|1|6-11|12"|3+|3||
000000912|2|3-5|6"|4+|D3||
000000912|3|1-2|3"|5+|1||
000000914|0|RemainingW|BS||||
000000914|1|10-18|4+||||
000000914|2|6-9|5+||||
000000914|3|1-5|6+||||
000000956|0|RemainingW|M|BS|A||
000000956|1|6-10|12"|3+|3||
000000956|2|3-5|6"|4+|D3||
000000956|3|1-2|3"|5+|1||
000000961|0|RemainingW|M|WS|BS||
000000961|1|7-12|20-60"|3+|3+||
000000961|2|4-6|20-45"|4+|4+||
000000961|3|1-3|20-30"|5+|5+||
000000962|0|RemainingW|M|BS|A||
000000962|1|9-16|10"|3+|6||
000000962|2|5-8|5"|4+|D6||
000000962|3|1-4|3"|5+|1||
000000963|0|RemainingW|M|BS|A||
000000963|1|6-11|12"|3+|3||
000000963|2|3-5|6"|4+|D3||
000000963|3|1-2|3"|5+|1||
000000964|0|RemainingW|M|BS|A||
000000964|1|6-12|10"|3+|3||
000000964|2|3-5|5"|4+|D3||
000000964|3|1-2|3"|5+|1||
000000967|0|RemainingW|M|WS|BS||
000000967|1|7-12|8"|3+|3+||
000000967|2|4-6|6"|4+|4+||
000000967|3|1-3|4"|5+|5+||
000000968|0|RemainingW|M|WS|BS||
000000968|1|7-12|10"|3+|3+||
000000968|2|4-6|8"|4+|4+||
000000968|3|1-3|6"|5+|5+||
000000969|0|RemainingW|M|WS|BS||
000000969|1|8-14|8"|3+|3+||
000000969|2|4-7|6"|4+|4+||
000000969|3|1-3|4"|5+|5+||
000000970|0|RemainingW|M|WS|BS|A|
000000970|1|16-30|10"|3+|3+|6|
000000970|2|8-15|8"|4+|4+|7|
000000970|3|1-7|6"|5+|5+|8|
000001022|0|RemainingW|M|BS|A||
000001022|1|6-10|12"|3+|3||
000001022|2|3-5|6"|4+|D3||
000001022|3|1-2|3"|5+|1||
000001024|0|RemainingW|M|WS|BS||
000001024|1|7-12|20-60"|3+|3+||
000001024|2|4-6|20-45"|4+|4+||
000001024|3|1-3|20-30"|5+|5+||
000001025|0|RemainingW|M|BS|A||
000001025|1|9-16|10"|3+|6||
000001025|2|5-8|5"|4+|D6||
000001025|3|1-4|3"|5+|D3||
000001026|0|RemainingW|M|BS|A||
000001026|1|6-11|12"|3+|3||
000001026|2|3-5|6"|4+|D3||
000001026|3|1-2|3"|5+|1||
000001027|0|RemainingW|M|BS|A||
000001027|1|6-11|10"|3+|3||
000001027|2|3-5|5"|4+|D3||
000001027|3|1-2|3"|5+|1||
000001028|0|RemainingW|M|WS|BS||
000001028|1|7-12|8"|3+|3+||
000001028|2|4-6|6"|4+|4+||
000001028|3|1-3|4"|5+|5+||
000001029|0|RemainingW|M|WS|BS||
000001029|1|7-12|10"|3+|3+||
000001029|2|4-6|8"|4+|4+||
000001029|3|1-3|6"|5+|5+||
000001030|0|RemainingW|M|WS|BS||
000001030|1|8-14|8"|3+|3+||
000001030|2|4-7|6"|4+|4+||
000001030|3|1-3|4"|5+|5+||
000001031|0|RemainingW|M|A|||
000001031|1|10-18|16"|8|||
000001031|2|6-9|14"|7|||
000001031|3|1-5|12"|6|||
000001047|0|RemainingW|M|BS|A||
000001047|1|6-10|12"|3+|3||
000001047|2|3-5|6"|4+|D3||
000001047|3|1-2|3"|5+|1||
000001049|0|RemainingW|M|BS|A||
000001049|1|9-16|10"|3+|6||
000001049|2|5-8|5"|4+|D6||
000001049|3|1-4|3"|5+|D3||
000001050|0|RemainingW|M|BS|A||
000001050|1|6-11|12"|3+|3||
000001050|2|3-5|6"|4+|D3||
000001050|3|1-2|3"|5+|1||
000001051|0|RemainingW|M|WS|BS||
000001051|1|8-14|8"|3+|3+||
000001051|2|4-7|6"|4+|4+||
000001051|3|1-3|4"|5+|5+||
000001094|0|RemainingW|M|WS|BS||
000001094|1|14-26|12"|3+|3+||
000001094|2|7-13|10"|4+|4+||
000001094|3|1-6|8"|5+|5+||
000001095|0|RemainingW|M|WS|BS||
000001095|1|14-26|14"|3+|3+||
000001095|2|7-13|12"|4+|4+||
000001095|3|1-6|10"|5+|5+||
000001096|0|RemainingW|M|WS|BS||
000001096|1|14-26|12"|3+|3+||
000001096|2|7-13|10"|4+|4+||
000001096|3|1-6|8"|5+|5+||
000001097|0|RemainingW|M|WS|BS||
000001097|1|14-26|12"|3+|3+||
000001097|2|7-13|10"|4+|4+||
000001097|3|1-6|8"|5+|5+||
000001098|0|RemainingW|M|WS|BS||
000001098|1|13-24|12"|3+|3+||
000001098|2|7-12|9"|4+|4+||
000001098|3|1-6|6"|5+|5+||
000001099|0|RemainingW|M|WS|BS||
000001099|1|16-30|8"|4+|3+||
000001099|2|8-15|6"|5+|4+||
000001099|3|1-7|4"|6+|5+||
000001100|0|RemainingW|M|WS|BS||
000001100|1|13-24|12"|3+|3+||
000001100|2|7-12|9"|4+|4+||
000001100|3|1-6|6"|5+|5+||
000001105|0|RemainingW|M|WS|A||
000001105|1|9-16|8"|2+|6||
000001105|2|5-8|6"|3+|7||
000001105|3|1-4|4"|4+|8||
000001107|0|RemainingW|M|WS|A||
000001107|1|9-16|12"|2+|6||
000001107|2|5-8|8"|3+|4||
000001107|3|1-4|6"|4+|2||
000001108|0|RemainingW|M|BS|A||
000001108|1|9-16|12"|2+|6||
000001108|2|5-8|8"|3+|4||
000001108|3|1-4|6"|4+|2||
000001109|0|RemainingW|M|BS|A||
000001109|1|9-16|12"|2+|6||
000001109|2|5-8|8"|4+|4||
000001109|3|1-4|6"|6+|2||
000001117|0|RemainingW|M|A|PsychicTestBonus||
000001117|1|9-16|12"|5|+2||
000001117|2|5-8|8"|3|+1||
000001117|3|1-4|6"|1|0||
000001120|0|RemainingW|M|A|PsychicTestBonus||
000001120|1|9-16|12"|5|+2||
000001120|2|5-8|8"|4|+1||
000001120|3|1-4|6"|3|0||
000001130|0|RemainingW|M|S|A||
000001130|1|10-18|7"|7|5||
000001130|2|5-9|5"|6|4||
000001130|3|1-4|3"|5|3||
000001137|0|RemainingW|M|A|SnappingClaws||
000001137|1|9-16|14"|6|4||
000001137|2|5-8|11"|5|3||
000001137|3|1-4|7"|4|2||
000001141|0|RemainingW|M|WS|A||
000001141|1|7-12|12"|2+|8||
000001141|2|4-6|10"|3+|6||
000001141|3|1-3|8"|4+|4||
000001147|0|RemainingW|M|WS|A||
000001147|1|7-12|12"|2+|8||
000001147|2|4-6|10"|3+|6||
000001147|3|1-3|8"|4+|4||
000001148|0|RemainingW|M|S|A||
000001148|1|9-16|12"|8|6||
000001148|2|5-8|8"|7|5||
000001148|3|1-4|6"|6|4||
000001151|0|RemainingW|M|BS|A||
000001151|1|8-14|8"|4+|5||
000001151|2|4-7|6"|5+|3||
000001151|3|1-3|4"|5+|D3||
000001153|0|RemainingW|M|BS|A||
000001153|1|6-11|12"|3+|3||
000001153|2|3-5|6"|4+|2||
000001153|3|1-2|3"|5+|1||
000001154|0|RemainingW|M|BS|A||
000001154|1|6-11|10"|3+|3||
000001154|2|3-5|5"|4+|D3||
000001154|3|1-2|3"|5+|1||
000001156|0|RemainingW|M|BS|A||
000001156|1|9-16|10"|3+|6||
000001156|2|5-8|5"|4+|D6||
000001156|3|1-4|3"|5+|D3||
000001157|0|RemainingW|M|BS|A||
000001157|1|9-16|10"|3+|6||
000001157|2|5-8|5"|4+|D6||
000001157|3|1-4|3"|5+|D3||
000001158|0|RemainingW|M|BS|A||
000001158|1|9-16|10"|3+|6||
000001158|2|5-8|5"|4+|D6||
000001158|3|1-4|3"|5+|D3||
000001159|0|RemainingW|M|BS|A||
000001159|1|9-16|10"|3+|6||
000001159|2|5-8|5"|4+|D6||
000001159|3|1-4|3"|5+|D3||
000001160|0|RemainingW|M|BS|A||
000001160|1|7-14|14"|3+|3||
000001160|2|4-6|7"|4+|D3||
000001160|3|1-3|4"|5+|1||
000001161|0|RemainingW|M|BS|A||
000001161|1|7-14|14"|3+|3||
000001161|2|4-6|7"|4+|D3||
000001161|3|1-3|4"|5+|1||
000001162|0|RemainingW|M|BS|A||
000001162|1|7-14|14"|3+|3||
000001162|2|4-6|7"|4+|D3||
000001162|3|1-3|4"|5+|1||
000001163|0|RemainingW|M|BS|A||
000001163|1|11-20|10"|3+|6||
000001163|2|6-10|5"|4+|D6||
000001163|3|1-5|3"|5+|D3||
000001164|0|RemainingW|M|BS|A||
000001164|1|11-20|10"|3+|6||
000001164|2|6-10|5"|4+|D6||
000001164|3|1-5|3"|5+|D3||
000001165|0|RemainingW|M|BS|A||
000001165|1|11-20|10"|3+|6||
000001165|2|6-10|5"|4+|D6||
000001165|3|1-5|3"|5+|D3||
000001166|0|RemainingW|M|BS|A||
000001166|1|14-26|10"|3+|6||
000001166|2|7-13|5"|4+|D6||
000001166|3|1-6|3"|5+|D3||
000001167|0|RemainingW|M|BS|A||
000001167|1|14-26|10"|3+|6||
000001167|2|7-13|5"|4+|D6||
000001167|3|1-6|3"|5+|D3||
000001168|0|RemainingW|M|BS|A||
000001168|1|16-30|10"|3+|6||
000001168|2|8-15|5"|4+|D6||
000001168|3|1-7|3"|5+|D3||
000001174|0|RemainingW|M|WS|BS||
000001174|1|7-12|8"|3+|3+||
000001174|2|4-6|6"|4+|4+||
000001174|3|1-3|4"|5+|5+||
000001175|0|RemainingW|M|WS|BS||
000001175|1|8-14|8"|3+|3+||
000001175|2|4-7|6"|4+|4+||
000001175|3|1-3|4"|5+|5+||
000001178|0|RemainingW|M|BS|A||
000001178|1|7-12|20-60"|3+|3||
000001178|2|4-6|20-45"|4+|D3||
000001178|3|1-3|20-30"|5+|1||
000001179|0|RemainingW|M|BS|A||
000001179|1|9-18|20-45"|3+|6||
000001179|2|5-8|20-35"|4+|D6||
000001179|3|1-4|20-25"|5+|D3||
000001181|0|RemainingW|M|BS|A||
000001181|1|9-18|20-45"|3+|6||
000001181|2|5-8|20-35"|4+|D6||
000001181|3|1-4|20-25"|5+|D3||
000001182|0|RemainingW|M|BS|A||
000001182|1|11-20|20-45"|3+|6||
000001182|2|6-10|20-35"|4+|D6||
000001182|3|1-5|20-25"|5+|D3||
000001183|0|RemainingW|M|BS|A||
000001183|1|16-30|20-50"|3+|6||
000001183|2|8-15|20-40"|4+|D6||
000001183|3|1-7|20-30"|5+|D3||
000001184|0|RemainingW|M|BS|A||
000001184|1|16-30|20-45"|3+|6||
000001184|2|8-15|20-35"|4+|D6||
000001184|3|1-7|20-25"|5+|D3||
000001185|0|RemainingW|M|BS|A||
000001185|1|21-40|20-50"|3+|6||
000001185|2|11-20|20-40"|4+|D6||
000001185|3|1-10|20-30"|5+|D3||
000001186|0|RemainingW|M|BS|A||
000001186|1|6-10|12"|3+|3||
000001186|2|3-5|6"|4+|D3||
000001186|3|1-2|3"|5+|1||
000001187|0|RemainingW|M|BS|A||
000001187|1|6-11|12"|3+|3||
000001187|2|3-5|6"|4+|D3||
000001187|3|1-2|3"|5+|1||
000001188|0|RemainingW|M|BS|A||
000001188|1|6-11|12"|3+|3||
000001188|2|3-5|6"|4+|D3||
000001188|3|1-2|3"|5+|1||
000001196|0|RemainingW|M|BS|A||
000001196|1|9-16|10"|3+|6||
000001196|2|5-8|5"|4+|D6||
000001196|3|1-4|3"|5+|D3||
000001197|0|RemainingW|M|BS|A||
000001197|1|16-30|20-50"|3+|6||
000001197|2|8-15|20-40"|4+|D6||
000001197|3|1-7|20-30"|5+|D3||
000001198|0|RemainingW|M|BS|A||
000001198|1|9-16|10"|3+|6||
000001198|2|5-8|5"|4+|D6||
000001198|3|1-4|3"|5+|D3||
000001199|0|RemainingW|M|BS|A||
000001199|1|7-12|12"|3+|3||
000001199|2|4-6|6"|4+|D3||
000001199|3|1-3|3"|5+|1||
000001237|0|RemainingW|M|BS|||
000001237|1|7-14|20-45"|4+|||
000001237|2|4-6|20-30"|5+|||
000001237|3|1-3|20-25"|6+|||
000001264|0|RemainingW|M|BS|A||
000001264|1|6-10|12"|4+|3||
000001264|2|3-5|8"|5+|D3||
000001264|3|1-2|4"|6+|1||
000001265|0|RemainingW|M|BS|A||
000001265|1|6-11|12"|4+|3||
000001265|2|3-5|8"|5+|D3||
000001265|3|1-2|4"|6+|1||
000001268|0|RemainingW|M|BS|A||
000001268|1|6-10|12"|4+|3||
000001268|2|3-5|8"|5+|D3||
000001268|3|1-2|4"|6+|1||
000001270|0|RemainingW|M|BS|||
000001270|1|8-14|20-45"|4+|||
000001270|2|4-7|20-30"|5+|||
000001270|3|1-3|20"|6+|||
000001271|0|RemainingW|M|BS|A||
000001271|1|7-12|10"|4+|3||
000001271|2|4-6|7"|5+|D3||
000001271|3|1-3|4"|6+|1||
000001273|0|RemainingW|M|BS|A||
000001273|1|6-11|12"|4+|3||
000001273|2|3-5|8"|5+|D3||
000001273|3|1-2|4"|6+|1||
000001275|0|RemainingW|M|BS|A||
000001275|1|6-11|8"|4+|3||
000001275|2|3-5|6"|5+|D3||
000001275|3|1-2|4"|6+|1||
000001276|0|RemainingW|M|BS|A||
000001276|1|6-11|12"|4+|3||
000001276|2|3-5|8"|5+|D3||
000001276|3|1-2|4"|6+|1||
000001277|0|RemainingW|M|BS|A||
000001277|1|6-11|12"|4+|3||
000001277|2|3-5|8"|5+|D3||
000001277|3|1-2|4"|6+|1||
000001278|0|RemainingW|M|BS|A||
000001278|1|7-12|8"|4+|3||
000001278|2|4-6|6"|5+|D3||
000001278|3|1-3|4"|6+|1||
000001283|0|RemainingW|M|BS|A||
000001283|1|10-18|10"|4+|3||
000001283|2|5-9|7"|5+|D3||
000001283|3|1-4|4"|6+|1||
000001284|0|RemainingW|M|BS|A||
000001284|1|12-22|10"|4+|6||
000001284|2|6-11|7"|5+|D6||
000001284|3|1-5|4"|6+|D3||
000001285|0|RemainingW|M|BS|A||
000001285|1|10-18|10"|4+|3||
000001285|2|5-9|7"|5+|D3||
000001285|3|1-4|4"|6+|1||
000001286|0|RemainingW|M|BS|A||
000001286|1|14-26|10"|4+|9||
000001286|2|7-13|7"|5+|6||
000001286|3|1-6|4"|6+|3||
000001287|0|RemainingW|M|BS|A||
000001287|1|6-11|12"|4+|3||
000001287|2|3-5|8"|5+|D3||
000001287|3|1-2|4"|6+|1||
000001289|0|RemainingW|M|BS|A||
000001289|1|12-22|10"|4+|6||
000001289|2|6-11|7"|5+|D6||
000001289|3|1-5|4"|6+|D3||
000001290|0|RemainingW|M|BS|A||
000001290|1|12-22|10"|4+|3||
000001290|2|6-11|7"|5+|D3||
000001290|3|1-5|4"|6+|1||
000001291|0|RemainingW|M|BS|A||
000001291|1|12-22|10"|4+|6||
000001291|2|6-11|7"|5+|D6||
000001291|3|1-5|4"|6+|D3||
000001292|0|RemainingW|M|BS|A||
000001292|1|12-22|10"|4+|6||
000001292|2|6-11|7"|5+|D6||
000001292|3|1-5|4"|6+|D3||
000001295|0|RemainingW|M|WS|BS||
000001295|1|7-12|9"|3+|3+||
000001295|2|4-6|7"|4+|4+||
000001295|3|1-3|5"|5+|5+||
000001296|0|RemainingW|M|BS|A||
000001296|1|8-14|7"|4+|5||
000001296|2|4-7|5"|5+|3||
000001296|3|1-3|3"|6+|D3||
000001297|0|RemainingW|M|WS|BS||
000001297|1|14-26|12"|3+|3+||
000001297|2|8-13|9"|4+|4+||
000001297|3|1-7|6"|5+|5+||
000001298|0|RemainingW|M|WS|BS||
000001298|1|15-28|12"|3+|3+||
000001298|2|8-14|10"|4+|4+||
000001298|3|1-7|8"|5+|5+||
000001300|0|RemainingW|M|BS|A||
000001300|1|9-16|10"|3+|6||
000001300|2|5-8|5"|4+|D6||
000001300|3|1-4|3"|5+|D3||
000001301|0|RemainingW|M|BS|A||
000001301|1|9-16|10"|3+|6||
000001301|2|5-8|5"|4+|D6||
000001301|3|1-4|3"|5+|D3||
000001302|0|RemainingW|M|BS|A||
000001302|1|6-11|12"|3+|3||
000001302|2|3-5|6"|4+|2||
000001302|3|1-2|3"|5+|1||
000001303|0|RemainingW|M|BS|A||
000001303|1|6-11|12"|3+|3||
000001303|2|3-5|6"|4+|D3||
000001303|3|1-2|3"|5+|1||
000001304|0|RemainingW|M|BS|A||
000001304|1|7-14|14"|3+|3||
000001304|2|4-6|7"|4+|D3||
000001304|3|1-3|4"|5+|1||
000001305|0|RemainingW|M|BS|A||
000001305|1|7-14|14"|3+|3||
000001305|2|4-6|7"|4+|D3||
000001305|3|1-3|4"|5+|1||
000001306|0|RemainingW|M|BS|A||
000001306|1|11-20|10"|3+|6||
000001306|2|6-10|5"|4+|D6||
000001306|3|1-5|3"|5+|D3||
000001307|0|RemainingW|M|WS|BS||
000001307|1|7-12|8"|3+|3+||
000001307|2|4-6|6"|4+|4+||
000001307|3|1-3|4"|5+|5+||
000001309|0|RemainingW|M|WS|BS||
000001309|1|8-14|8"|3+|3+||
000001309|2|4-7|6"|4+|4+||
000001309|3|1-3|4"|5+|5+||
000001311|0|RemainingW|M|WS|BS||
000001311|1|11-20|15"|4+|4+||
000001311|2|6-10|10"|5+|5+||
000001311|3|1-5|5"|6+|6+||
000001312|0|RemainingW|M|BS|A||
000001312|1|11-20|10"|3+|6||
000001312|2|6-10|5"|4+|D6||
000001312|3|1-5|3"|5+|D3||
000001313|0|RemainingW|M|BS|A||
000001313|1|11-20|10"|3+|6||
000001313|2|6-10|5"|4+|D6||
000001313|3|1-5|3"|5+|D3||
000001314|0|RemainingW|M|BS|A||
000001314|1|14-26|10"|3+|6||
000001314|2|7-13|5"|4+|D6||
000001314|3|1-6|3"|5+|D3||
000001315|0|RemainingW|M|BS|A||
000001315|1|14-26|10"|3+|6||
000001315|2|7-13|5"|4+|D6||
000001315|3|1-6|3"|5+|D3||
000001316|0|RemainingW|M|BS|A||
000001316|1|16-30|10"|3+|6||
000001316|2|8-15|5"|4+|D6||
000001316|3|1-7|3"|5+|D3||
000001318|0|RemainingW|M|BS|A||
000001318|1|8-14|20"-60"|3+|6||
000001318|2|4-7|20"-45"|4+|D6||
000001318|3|1-3|20"-30"|5+|D3||
000001319|0|RemainingW|M|BS|A||
000001319|1|9-18|20"-45"|3+|6||
000001319|2|5-8|20"-35"|4+|D6||
000001319|3|1-4|20"-25"|5+|D3||
000001320|0|RemainingW|M|BS|A||
000001320|1|9-18|20"-45"|3+|6||
000001320|2|5-8|20"-35"|4+|D6||
000001320|3|1-4|20"-25"|5+|D3||
000001321|0|RemainingW|M|BS|A||
000001321|1|16-30|20"-50"|3+|6||
000001321|2|8-15|20"-40"|4+|D6||
000001321|3|1-7|20"-30"|5+|D3||
000001322|0|RemainingW|M|BS|A||
000001322|1|21-40|20-50"|3+|6||
000001322|2|11-20|20-40"|4+|D6||
000001322|3|1-10|20-30"|5+|D3||
000001323|0|RemainingW|M|BS|A||
000001323|1|7-12|20"-60"|3+|3||
000001323|2|4-6|20"-45"|4+|D3||
000001323|3|1-3|20"-30"|5+|1||
000001329|0|RemainingW|M|S|A||
000001329|1|13-24|16"|10|8||
000001329|2|7-12|12"|9|7||
000001329|3|1-6|8"|8|6||
000001331|0|RemainingW|M|BS|A||
000001331|1|7-12|9"|4+|6||
000001331|2|4-6|7"|5+|5||
000001331|3|1-3|5"|6+|4||
000001332|0|RemainingW|M|S|A||
000001332|1|11-18|14"|7|6||
000001332|2|4-10|12"|6|5||
000001332|3|1-3|10"|5|4||
000001333|0|RemainingW|M|S|A||
000001333|1|14-27|18"|8|6||
000001333|2|8-13|14"|7|4||
000001333|3|1-7|10"|6|2||
000001335|0|RemainingW|M|S|A||
000001335|1|7-12|8"|7|5||
000001335|2|4-6|7"|6|4||
000001335|3|1-3|6"|5|3||
000001338|0|RemainingW|M|BS|A||
000001338|1|7-12|10"|4+|5||
000001338|2|4-6|8"|5+|4||
000001338|3|1-3|6"|6+|3||
000001339|0|RemainingW|M|BS|A||
000001339|1|6-10|8+D6"|4+|6+D6||
000001339|2|3-5|6+D6"|5+|4+D6||
000001339|3|1-2|4+D6"|6+|2+D6||
000001340|0|RemainingW|M|S|A||
000001340|1|11-21|8"|8|5||
000001340|2|6-10|6"|7|4||
000001340|3|1-5|4"|6|3||
000001343|0|RemainingW|M|BS|A||
000001343|1|6-11|10"|3+|3||
000001343|2|3-5|5"|4+|D3||
000001343|3|1-2|3"|5+|1||
000001351|0|RemainingW|M|WS|BS||
000001351|1|7-13|8"|3+|3+||
000001351|2|4-6|6"|4+|4+||
000001351|3|1-3|4"|5+|5+||
000001352|0|RemainingW|M|BS|A||
000001352|1|9-16|10"|3+|6||
000001352|2|5-8|5"|4+|D6||
000001352|3|1-4|3"|5+|D3||
000001360|0|RemainingW|M|BS|A||
000001360|1|7-13|9"|2+|6||
000001360|2|4-6|7"|3+|5||
000001360|3|1-3|5"|4+|4||
000001363|0|RemainingW|M|BS|A||
000001363|1|6-10|20-60"|3+|3||
000001363|2|3-5|20-45"|4+|D3||
000001363|3|1-2|20-30"|5+|1||
000001364|0|RemainingW|M|BS|A||
000001364|1|6-10|20-50"|3+|3||
000001364|2|3-5|20-40"|4+|D3||
000001364|3|1-2|20-30"|5+|1||
000001376|0|RemainingW|M|BS|S||
000001376|1|6-12|9"|3+|7||
000001376|2|3-5|6"|4+|6||
000001376|3|1-2|4"|5+|5||
000001377|0|RemainingW|M|A|||
000001377|1|10-18|12"|7|||
000001377|2|6-9|10"|6|||
000001377|3|1-5|8"|5|||
000001386|0|RemainingW|M|BS|A||
000001386|1|7-12|20-50"|5+|3||
000001386|2|4-6|20-40"|6+|D3||
000001386|3|1-3|20-25"|6+|1||
000001387|0|RemainingW|M|BS|A||
000001387|1|8-14|20-50"|5+|3||
000001387|2|4-7|20-40"|6+|D3||
000001387|3|1-3|20-25"|6+|1||
000001388|0|RemainingW|M|S|A||
000001388|1|8-24|12"|8|9||
000001388|2|4-7|9"|6|7||
000001388|3|1-3|6"|4|5||
000001389|0|RemainingW|M|S|A||
000001389|1|13-24|12"|8|8||
000001389|2|7-12|9"|7|6||
000001389|3|1-6|6"|6|4||
000001390|0|RemainingW|M|BS|A||
000001390|1|6-10|20-70"|3+|3||
000001390|2|3-5|20-50"|4+|D3||
000001390|3|1-2|20-30"|5+|1||
000001393|0|RemainingW|M|BS|A||
000001393|1|7-12|16"|3+|3||
000001393|2|4-6|12"|4+|D3||
000001393|3|1-3|8"|5+|1||
000001460|0|RemainingW|M|BS|A||
000001460|1|8-14|14"|2+|3||
000001460|2|4-7|10"|3+|D3||
000001460|3|1-3|8"|4+|1||
000001461|0|RemainingW|M|BS|A||
000001461|1|9-18|14"|2+|3||
000001461|2|5-8|10"|3+|D3||
000001461|3|1-4|6"|4+|1||
000001465|0|RemainingW|M|S|A||
000001465|1|10-18|7"|7|5||
000001465|2|5-9|5"|6|4||
000001465|3|1-4|3"|5|3||
000001476|0|RemainingW|M|WS|VortexPower||
000001476|1|8-14|10"|3+|2||
000001476|2|4-7|8"|4+|1||
000001476|3|1-3|6"|5+|0||
000001479|0|RemainingW|M|WS|BS||
000001479|1|8-14|8"|2+|2+||
000001479|2|4-7|6"|3+|3+||
000001479|3|1-3|4"|4+|4+||
000001481|0|RemainingW|M|WS|BS||
000001481|1|7-12|12"|3+|3+||
000001481|2|4-6|10"|4+|4+||
000001481|3|1-3|8"|5+|5+||
000001482|0|RemainingW|M|WS|BS||
000001482|1|7-12|12"|3+|3+||
000001482|2|4-6|10"|4+|4+||
000001482|3|1-3|8"|5+|5+||
000001483|0|RemainingW|M|WS|BS||
000001483|1|13-24|10"|3+|3+||
000001483|2|7-12|8"|4+|4+||
000001483|3|1-6|6"|5+|5+||
000001484|0|RemainingW|M|WS|BS||
000001484|1|13-24|10"|2+|2+||
000001484|2|7-12|8"|3+|3+||
000001484|3|1-6|6"|4+|4+||
000001485|0|RemainingW|M|WS|BS||
000001485|1|15-28|8"|4+|3+||
000001485|2|8-14|6"|5+|4+||
000001485|3|1-7|4"|6+|5+||
000001486|0|RemainingW|M|WS|BS||
000001486|1|15-28|8"|4+|3+||
000001486|2|8-14|6"|5+|4+||
000001486|3|1-7|4"|6+|5+||
000001521|0|RemainingW|M|BS|A||
000001521|1|16-30|12"|3+|6||
000001521|2|8-15|6"|4+|D6||
000001521|3|1-7|3"|5+|D3||
000001523|0|RemainingW|M|BS|A||
000001523|1|7-14|14"|3+|3||
000001523|2|4-6|7"|4+|D3||
000001523|3|1-3|4"|5+|1||
000001524|0|RemainingW|M|BS|A||
000001524|1|7-14|14"|3+|3||
000001524|2|4-6|7"|4+|D3||
000001524|3|1-3|4"|5+|1||
000001527|0|RemainingW|M|BS|A||
000001527|1|8-14|8"|3+|3||
000001527|2|4-7|5"|4+|D3||
000001527|3|1-3|3"|5+|1||
000001532|0|RemainingW|M|BS|A||
000001532|1|8-14|8"|3+|3||
000001532|2|4-7|5"|4+|D3||
000001532|3|1-3|3"|5+|1||
000001533|0|RemainingW|M|BS|A||
000001533|1|8-14|8"|3+|3||
000001533|2|4-7|5"|4+|D3||
000001533|3|1-3|3"|5+|1||
000001543|0|RemainingW|M|S|A||
000001543|1|9-16|12"|8|6||
000001543|2|5-8|9"|6|D6||
000001543|3|1-4|6"|4|D3||
000001544|0|RemainingW|M|S|A||
000001544|1|9-16|12"|8|6||
000001544|2|5-8|9"|6|D6||
000001544|3|1-4|6"|4|D3||
000001564|0|RemainingW|M|BS|A||
000001564|1|12-22|20"-50"|2+|6||
000001564|2|6-11|20"-40"|3+|D6||
000001564|3|1-5|20"-30"|4+|D3||
000001577|0|RemainingW|M|WS|BS||
000001577|1|15-28|12"|3+|3+||
000001577|2|8-14|9"|4+|4+||
000001577|3|1-7|6"|5+|5+||
000001587|0|RemainingW|S||||
000001587|1|8-14|8||||
000001587|2|4-7|7||||
000001587|3|1-3|6||||
000001648|0|RemainingW|M|A|SnappingClaws||
000001648|1|9-16|14"|6|4||
000001648|2|5-8|11"|5|3||
000001648|3|1-4|7"|4|2||
000001650|0|RemainingW|M|BS|A||
000001650|1|7-12|12"|3+|3||
000001650|2|4-6|9"|4+|D3||
000001650|3|1-3|6"|5+|1||
000001651|0|RemainingW|M|BS|A||
000001651|1|7-12|12"|3+|3||
000001651|2|4-6|9"|4+|D3||
000001651|3|1-3|6"|5+|1||
000001652|0|RemainingW|M|BS|A||
000001652|1|9-16|10"|3+|6||
000001652|2|5-8|5"|4+|D6||
000001652|3|1-4|3"|5+|D3||
000001658|0|RemainingW|M|WS|BS||
000001658|1|13-24|10"|3+|3+||
000001658|2|7-12|8"|4+|4+||
000001658|3|1-6|6"|5+|5+||
000001659|0|RemainingW|M|WS|BS||
000001659|1|15-28|8"|4+|3+||
000001659|2|8-14|6"|5+|4+||
000001659|3|1-7|4"|6+|5+||
000001660|0|RemainingW|M|WS|BS||
000001660|1|13-24|10"|2+|3+||
000001660|2|7-12|8"|3+|4+||
000001660|3|1-6|6"|4+|5+||
000001661|0|RemainingW|M|WS|BS||
000001661|1|13-24|12"|2+|3+||
000001661|2|7-12|10"|3+|4+||
000001661|3|1-6|8"|4+|5+||
000001662|0|RemainingW|M|WS|BS||
000001662|1|16-30|8"|4+|3+||
000001662|2|8-15|6"|5+|4+||
000001662|3|1-7|4"|6+|5+||
000001663|0|RemainingW|M|WS|BS||
000001663|1|7-12|12"|3+|3+||
000001663|2|4-6|10"|4+|4+||
000001663|3|1-3|8"|5+|5+||
000001664|0|RemainingW|M|WS|BS||
000001664|1|16-30|8"|4+|3+||
000001664|2|8-15|6"|5+|4+||
000001664|3|1-7|4"|6+|5+||
000001665|0|RemainingW|M|WS|BS||
000001665|1|7-12|12"|3+|3+||
000001665|2|4-6|10"|4+|4+||
000001665|3|1-3|8"|5+|5+||
000001667|0|RemainingW|M|WS|BS||
000001667|1|7-13|10"|3+|3+||
000001667|2|4-6|8"|4+|4+||
000001667|3|1-3|6"|5+|5+||
000001668|0|RemainingW|M|BS|A||
000001668|1|6-11|14"|3+|3||
000001668|2|3-5|7"|4+|D3||
000001668|3|1-2|4"|5+|1||
000001680|0|RemainingW|M|BS|A||
000001680|1|12-22|20"-50"|2+|6||
000001680|2|6-11|20"-40"|3+|D6||
000001680|3|1-5|20"-30"|4+|D3||
000001720|0|RemainingW|M|BS|A||
000001720|1|6-11|10"|3+|3||
000001720|2|3-5|5"|4+|D3||
000001720|3|1-2|3"|5+|1||
000001750|0|RemainingW|M|BS|A||
000001750|1|6-11|10"|3+|3||
000001750|2|3-5|5"|4+|D3||
000001750|3|1-2|3"|5+|1||
000001990|0|RemainingW|M|BS|A||
000001990|1|11-20|10"|4+|6||
000001990|2|6-10|7"|5+|D6||
000001990|3|1-5|4"|6+|D3||
000001994|0|RemainingW|M|BS|A||
000001994|1|7-12|12"|4+|3||
000001994|2|4-6|9"|5+|D3||
000001994|3|1-3|6"|6+|1||
000002063|0|RemainingW|A||||
000002063|1|10-18|10||||
000002063|2|5-9|4||||
000002063|3|1-4|2||||
000002076|0|RemainingW|M|WS|BS||
000002076|1|8-14|8"|2+|2+||
000002076|2|4-7|6"|3+|3+||
000002076|3|1-3|4"|4+|4+||
000002077|0|RemainingW|M|WS|BS||
000002077|1|76-100|15"|4+|3+||
000002077|2|51-75|12"|5+|4+||
000002077|3|26-50|9"|5+|4+||
000002077|4|1-25|6"|6+|5+||
000002085|0|RemainingW|M|BS|A||
000002085|1|6-10|20-50"|3+|3||
000002085|2|3-5|20-35"|4+|D3||
000002085|3|1-2|20-25"|5+|1||
000002086|0|RemainingW|M|BS|A||
000002086|1|6-10|20-50"|3+|3||
000002086|2|3-5|20-35"|4+|D3||
000002086|3|1-2|20-25"|5+|1||
000002087|0|RemainingW|M|BS|A||
000002087|1|6-10|20-50"|3+|3||
000002087|2|3-5|20-35"|4+|D3||
000002087|3|1-2|20-25"|5+|1||
000002115|0|RemainingW|M|WS|A||
000002115|1|7-12|10"|4+|3||
000002115|2|4-6|8"|5+|2||
000002115|3|1-3|6"|6+|1||
000002252|0|RemainingW|M|BS|A||
000002252|1|6-10|16"|3+|3||
000002252|2|3-5|12"|4+|2||
000002252|3|1-2|8"|5+|1||
000002255|0|RemainingW|M|BS|A||
000002255|1|6-10|16"|2+|3||
000002255|2|3-5|12"|3+|2||
000002255|3|1-2|8"|4+|1||
000002258|0|RemainingW|M|BS|A||
000002258|1|6-10|16"|3+|3||
000002258|2|3-5|12"|4+|2||
000002258|3|1-2|8"|5+|1||
000002266|0|RemainingW|M|BS|A||
000002266|1|6-11|12"|3+|3||
000002266|2|3-5|6"|4+|D3||
000002266|3|1-2|3"|5+|1||
000002267|0|RemainingW|M|BS|A||
000002267|1|7-12|10"|3+|3||
000002267|2|4-6|5"|4+|D3||
000002267|3|1-3|3"|5+|1||
000002268|0|RemainingW|M|BS|A||
000002268|1|7-12|10"|3+|3||
000002268|2|4-6|5"|4+|D3||
000002268|3|1-3|3"|5+|1||
000002269|0|RemainingW|M|BS|A||
000002269|1|7-12|10"|3+|3||
000002269|2|4-6|5"|4+|D3||
000002269|3|1-3|3"|5+|1||
000002270|0|RemainingW|BS||||
000002270|1|8-14|4+||||
000002270|2|4-7|5+||||
000002270|3|1-3|6+||||
000002288|0|RemainingW|M|BS|A||
000002288|1|6-11|12"|3+|3||
000002288|2|3-5|6"|4+|D3||
000002288|3|1-2|3"|5+|1||
000002309|0|RemainingW|M|BS|A||
000002309|1|6-11|20-50"|3+|3||
000002309|2|3-5|20-40"|4+|D3||
000002309|3|1-2|20-30"|5+|1||
000002310|0|RemainingW|M|BS|A||
000002310|1|6-11|20-50"|3+|3||
000002310|2|3-5|20-40"|4+|D3||
000002310|3|1-2|20-30"|5+|1||
000002319|0|RemainingW|M|BS|A||
000002319|1|8-14|20-50"|3+|3||
000002319|2|4-7|20-40"|4+|D3||
000002319|3|1-3|20-30"|5+|1||
000002324|0|RemainingW|M||||
000002324|1|7-14|10"||||
000002324|2|4-6|7"||||
000002324|3|1-3|4"||||
000002348|0|RemainingW|M|BS|A||
000002348|1|8-14|20-50"|3+|6||
000002348|2|4-7|20-35"|4+|D6||
000002348|3|1-3|20-25"|5+|D3||
000002349|0|RemainingW|M|BS|A||
000002349|1|8-14|20-50"|3+|6||
000002349|2|4-7|20-35"|4+|D6||
000002349|3|1-3|20-25"|5+|D3||
000002360|0|RemainingW|M|A|Model||
000002360|1|9-16|8"|6|Szarekh||
000002360|2|5-8|6"|4|Szarekh||
000002360|3|1-4|4"|2|Szarekh||
000002361|0|RemainingW|BS||||
000002361|1|6-10|3+||||
000002361|2|3-5|4+||||
000002361|3|1-2|5+||||
000002367|0|RemainingW|M|BS|A||
000002367|1|9-18|20-45"|3+|6||
000002367|2|5-8|20-35"|4+|D6||
000002367|3|1-4|20-25"|5+|D3||
000002368|0|RemainingW|M|BS|A||
000002368|1|6-10|12"|3+|3||
000002368|2|3-5|6"|4+|D3||
000002368|3|1-2|3"|5+|1||
000002370|0|RemainingW|M|BS|A||
000002370|1|6-10|12"|3+|3||
000002370|2|3-5|6"|4+|D3||
000002370|3|1-2|3"|5+|1||
000002379|0|RemainingW|M|BS|A||
000002379|1|6-10|12"|4+|3||
000002379|2|3-5|8"|5+|D3||
000002379|3|1-2|4"|6+|1||
000002382|0|RemainingW|M|BS|A||
000002382|1|6-10|12"|4+|3||
000002382|2|3-5|8"|5+|D3||
000002382|3|1-2|4"|6+|1||
000002383|0|RemainingW|M|BS|A||
000002383|1|6-11|12"|4+|3||
000002383|2|3-5|8"|5+|D3||
000002383|3|1-2|4"|6+|1||
000002384|0|RemainingW|M|BS|A||
000002384|1|7-12|10"|4+|3||
000002384|2|4-6|7"|5+|D3||
000002384|3|1-3|4"|6+|1||
000002390|0|RemainingW|M|BS|A||
000002390|1|7-14|14"|3+|3||
000002390|2|4-6|7"|4+|D3||
000002390|3|1-3|4"|5+|1||
000002392|0|RemainingW|M|BS|A||
000002392|1|9-16|10"|3+|6||
000002392|2|5-8|5"|4+|D6||
000002392|3|1-4|3"|5+|D3||
000002393|0|RemainingW|M|WS|BS||
000002393|1|7-12|9"|3+|3+||
000002393|2|4-6|7"|4+|4+||
000002393|3|1-3|5"|5+|5+||
000002394|0|RemainingW|M|BS|A||
000002394|1|8-14|8"|3+|3||
000002394|2|4-7|5"|4+|D3||
000002394|3|1-3|3"|5+|1||
000002395|0|RemainingW|M|BS|A||
000002395|1|7-14|14"|3+|3||
000002395|2|4-6|7"|4+|D3||
000002395|3|1-3|4"|5+|1||
000002396|0|RemainingW|M|BS|A||
000002396|1|9-16|10"|3+|6||
000002396|2|5-8|5"|4+|D6||
000002396|3|1-4|3"|5+|D3||
000002397|0|RemainingW|M|BS|A||
000002397|1|6-11|12"|3+|3||
000002397|2|3-5|6"|4+|D3||
000002397|3|1-2|3"|5+|1||
000002398|0|RemainingW|M|BS|A||
000002398|1|7-14|14"|3+|3||
000002398|2|4-6|7"|4+|D3||
000002398|3|1-3|4"|5+|1||
000002399|0|RemainingW|M|BS|A||
000002399|1|7-14|14"|3+|3||
000002399|2|4-6|7"|4+|D3||
000002399|3|1-3|4"|5+|1||
000002400|0|RemainingW|M|BS|A||
000002400|1|11-20|10"|3+|6||
000002400|2|6-10|5"|4+|D6||
000002400|3|1-5|3"|5+|D3||
000002401|0|RemainingW|M|WS|BS||
000002401|1|7-12|8"|3+|3+||
000002401|2|4-6|6"|4+|4+||
000002401|3|1-3|4"|5+|5+||
000002403|0|RemainingW|M|WS|BS||
000002403|1|8-14|8"|3+|3+||
000002403|2|4-7|6"|4+|4+||
000002403|3|1-3|4"|5+|5+||
000002405|0|RemainingW|M|WS|BS||
000002405|1|11-20|15"|4+|4+||
000002405|2|6-10|10"|5+|5+||
000002405|3|1-5|5"|6+|6+||
000002406|0|RemainingW|M|BS|A||
000002406|1|11-20|10"|3+|6||
000002406|2|6-10|5"|4+|D6||
000002406|3|1-5|3"|5+|D3||
000002407|0|RemainingW|M|BS|A||
000002407|1|11-20|10"|3+|6||
000002407|2|6-10|5"|4+|D6||
000002407|3|1-5|3"|5+|D3||
000002408|0|RemainingW|M|BS|A||
000002408|1|14-26|10"|3+|6||
000002408|2|7-13|5"|4+|D6||
000002408|3|1-6|3"|5+|D3||
000002409|0|RemainingW|M|BS|A||
000002409|1|14-26|10"|3+|6||
000002409|2|7-13|5"|4+|D6||
000002409|3|1-6|3"|5+|D3||
000002410|0|RemainingW|M|BS|A||
000002410|1|16-30|10"|3+|6||
000002410|2|8-15|5"|4+|D6||
000002410|3|1-7|3"|5+|D3||
000002412|0|RemainingW|M|BS|A||
000002412|1|8-14|20"-60"|3+|6||
000002412|2|4-7|20"-45"|4+|D6||
000002412|3|1-3|20"-30"|5+|D3||
000002413|0|RemainingW|M|BS|A||
000002413|1|9-18|20"-45"|3+|6||
000002413|2|5-8|20"-35"|4+|D6||
000002413|3|1-4|20"-25"|5+|D3||
000002414|0|RemainingW|M|BS|A||
000002414|1|9-18|20"-45"|3+|6||
000002414|2|5-8|20"-35"|4+|D6||
000002414|3|1-4|20"-25"|5+|D3||
000002415|0|RemainingW|M|BS|A||
000002415|1|16-30|20"-50"|3+|6||
000002415|2|8-15|20"-40"|4+|D6||
000002415|3|1-7|20"-30"|5+|D3||
000002416|0|RemainingW|M|BS|A||
000002416|1|21-40|20-50"|3+|6||
000002416|2|11-20|20-40"|4+|D6||
000002416|3|1-10|20-30"|5+|D3||
000002417|0|RemainingW|M|BS|A||
000002417|1|7-12|20"-60"|3+|3||
000002417|2|4-6|20"-45"|4+|D3||
000002417|3|1-3|20"-30"|5+|1||
000002419|0|RemainingW|M|BS|A||
000002419|1|9-16|10"|3+|6||
000002419|2|5-8|5"|4+|D6||
000002419|3|1-4|3"|5+|D3||
000002421|0|RemainingW|M|WS|BS||
000002421|1|7-12|9"|3+|3+||
000002421|2|4-6|7"|4+|4+||
000002421|3|1-3|5"|5+|5+||
000002422|0|RemainingW|M|BS|A||
000002422|1|8-14|8"|3+|3||
000002422|2|4-7|5"|4+|D3||
000002422|3|1-3|3"|5+|1||
000002423|0|RemainingW|M|BS|A||
000002423|1|7-14|14"|3+|3||
000002423|2|4-6|7"|4+|D3||
000002423|3|1-3|4"|5+|1||
000002424|0|RemainingW|M|BS|A||
000002424|1|9-16|10"|3+|6||
000002424|2|5-8|5"|4+|D6||
000002424|3|1-4|3"|5+|D3||
000002425|0|RemainingW|M|BS|A||
000002425|1|6-11|12"|3+|3||
000002425|2|3-5|6"|4+|D3||
000002425|3|1-2|3"|5+|1||
000002426|0|RemainingW|M|BS|A||
000002426|1|7-14|14"|3+|3||
000002426|2|4-6|7"|4+|D3||
000002426|3|1-3|4"|5+|1||
000002427|0|RemainingW|M|BS|A||
000002427|1|7-14|14"|3+|3||
000002427|2|4-6|7"|4+|D3||
000002427|3|1-3|4"|5+|1||
000002428|0|RemainingW|M|BS|A||
000002428|1|11-20|10"|3+|6||
000002428|2|6-10|5"|4+|D6||
000002428|3|1-5|3"|5+|D3||
000002429|0|RemainingW|M|WS|BS||
000002429|1|7-12|8"|3+|3+||
000002429|2|4-6|6"|4+|4+||
000002429|3|1-3|4"|5+|5+||
000002431|0|RemainingW|M|WS|BS||
000002431|1|8-14|8"|3+|3+||
000002431|2|4-7|6"|4+|4+||
000002431|3|1-3|4"|5+|5+||
000002433|0|RemainingW|M|WS|BS||
000002433|1|11-20|15"|4+|4+||
000002433|2|6-10|10"|5+|5+||
000002433|3|1-5|5"|6+|6+||
000002434|0|RemainingW|M|BS|A||
000002434|1|11-20|10"|3+|6||
000002434|2|6-10|5"|4+|D6||
000002434|3|1-5|3"|5+|D3||
000002435|0|RemainingW|M|BS|A||
000002435|1|11-20|10"|3+|6||
000002435|2|6-10|5"|4+|D6||
000002435|3|1-5|3"|5+|D3||
000002436|0|RemainingW|M|BS|A||
000002436|1|14-26|10"|3+|6||
000002436|2|7-13|5"|4+|D6||
000002436|3|1-6|3"|5+|D3||
000002437|0|RemainingW|M|BS|A||
000002437|1|14-26|10"|3+|6||
000002437|2|7-13|5"|4+|D6||
000002437|3|1-6|3"|5+|D3||
000002438|0|RemainingW|M|BS|A||
000002438|1|16-30|10"|3+|6||
000002438|2|8-15|5"|4+|D6||
000002438|3|1-7|3"|5+|D3||
000002440|0|RemainingW|M|BS|A||
000002440|1|8-14|20"-60"|3+|6||
000002440|2|4-7|20"-45"|4+|D6||
000002440|3|1-3|20"-30"|5+|D3||
000002441|0|RemainingW|M|BS|A||
000002441|1|9-18|20"-45"|3+|6||
000002441|2|5-8|20"-35"|4+|D6||
000002441|3|1-4|20"-25"|5+|D3||
000002442|0|RemainingW|M|BS|A||
000002442|1|9-18|20"-45"|3+|6||
000002442|2|5-8|20"-35"|4+|D6||
000002442|3|1-4|20"-25"|5+|D3||
000002443|0|RemainingW|M|BS|A||
000002443|1|16-30|20"-50"|3+|6||
000002443|2|8-15|20"-40"|4+|D6||
000002443|3|1-7|20"-30"|5+|D3||
000002444|0|RemainingW|M|BS|A||
000002444|1|21-40|20-50"|3+|6||
000002444|2|11-20|20-40"|4+|D6||
000002444|3|1-10|20-30"|5+|D3||
000002445|0|RemainingW|M|BS|A||
000002445|1|7-12|20"-60"|3+|3||
000002445|2|4-6|20"-45"|4+|D3||
000002445|3|1-3|20"-30"|5+|1||
000002446|0|RemainingW|M|BS|A||
000002446|1|6-11|12"|3+|3||
000002446|2|3-5|6"|4+|2||
000002446|3|1-2|3"|5+|1||
000002447|0|RemainingW|M|BS|A||
000002447|1|6-11|12"|3+|3||
000002447|2|3-5|6"|4+|2||
000002447|3|1-2|3"|5+|1||
000002448|0|RemainingW|M|WS|BS||
000002448|1|38-50|20"|4+|3+||
000002448|2|26-37|16"|5+|4+||
000002448|3|13-25|12"|5+|4+||
000002448|4|1-12|8"|6+|5+||
000002449|0|RemainingW|M|WS|BS||
000002449|1|53-70|18"|4+|3+||
000002449|2|36-52|14"|4+|4+||
000002449|3|18-35|10"|5+|4+||
000002449|4|1-17|6"|6+|5+||
000002450|0|RemainingW|M|WS|BS||
000002450|1|76-100|15"|4+|3+||
000002450|2|51-75|12"|5+|4+||
000002450|3|26-50|9"|5+|4+||
000002450|4|1-25|6"|6+|5+||
000002451|0|RemainingW|M|WS|BS||
000002451|1|91-120|12"|4+|3+||
000002451|2|61-90|10"|4+|4+||
000002451|3|31-60|8"|5+|4+||
000002451|4|1-30|6"|6+|5+||
000002453|0|RemainingW|M|WS|A||
000002453|1|9-16|8"|3+|5||
000002453|2|5-8|6"|4+|4||
000002453|3|1-4|4"|5+|3||
000002454|0|RemainingW|M|BS|A||
000002454|1|8-14|12"|4+|3||
000002454|2|4-7|8"|5+|D3||
000002454|3|1-3|4"|6+|1||
000002461|0|RemainingW|M|BS|A||
000002461|1|6-11|12"|3+|3||
000002461|2|3-5|6"|4+|D3||
000002461|3|1-2|3"|5+|1||
000002462|0|RemainingW|S||||
000002462|1|7-12|7||||
000002462|2|4-6|6||||
000002462|3|1-3|5||||
000002484|0|RemainingW|M|BS|A||
000002484|1|6-11|12"|3+|3||
000002484|2|3-5|6"|4+|D3||
000002484|3|1-2|3"|5+|1||
000002497|0|RemainingW|M|S|A||
000002497|1|9-16|12"|6|6||
000002497|2|5-8|9"|5|D6||
000002497|3|1-4|6"|4|D3||
000002498|0|RemainingW|M|S|A||
000002498|1|9-16|12"|6|6||
000002498|2|5-8|9"|5|D6||
000002498|3|1-4|6"|4|D3||
000002499|0|RemainingW|BS||||
000002499|1|7-12|5+||||
000002499|2|4-6|5+||||
000002499|3|1-3|6+||||
000002501|0|RemainingW|M|BS|A||
000002501|1|6-11|12"|3+|3||
000002501|2|3-5|6"|4+|D3||
000002501|3|1-2|3"|5+|1||
000002510|0|RemainingW|M|S|A||
000002510|1|6-10|12"|6|3||
000002510|2|3-5|8"|5|D3||
000002510|3|1-2|6"|4|1||
000002511|0|RemainingW|M|S|A||
000002511|1|7-12|10"|7|3||
000002511|2|4-6|7"|6|D3||
000002511|3|1-3|4"|5|1||
000002512|0|RemainingW|M|S|A||
000002512|1|14-26|10"|9|9||
000002512|2|7-13|7"|8|6||
000002512|3|1-6|4"|7|3||
000002524|0|RemainingW|M|BS|A||
000002524|1|6-10|12"|3+|3||
000002524|2|3-5|6"|4+|D3||
000002524|3|1-2|3"|5+|1||
000002528|0|RemainingW|M|WS|BS||
000002528|1|7-12|16"|2+|2+||
000002528|2|4-6|12"|3+|3+||
000002528|3|1-3|8"|4+|4+||
000002544|0|RemainingW|M|S|A||
000002544|1|7-12|10"|7|6||
000002544|2|4-6|9"|6|5||
000002544|3|1-3|8"|5|4||
000002546|0|RemainingW|M|BS|A||
000002546|1|6-10|14"|3+|3||
000002546|2|3-5|10"|4+|D3||
000002546|3|1-2|6"|5+|1||
000002550|0|RemainingW|M|BS|A||
000002550|1|6-10|20-72"|3+|3||
000002550|2|3-5|20-48"|4+|D3||
000002550|3|1-2|20-32"|5+|1||
000002551|0|RemainingW|M|BS|A||
000002551|1|7-12|20-60"|3+|3||
000002551|2|4-6|20-40"|4+|D3||
000002551|3|1-3|20-25"|5+|1||
000002553|0|RemainingW|M|BS|A||
000002553|1|6-11|14"|3+|3||
000002553|2|3-5|10"|4+|D3||
000002553|3|1-2|6"|5+|1||
000002562|0|RemainingW|M|WS|BS||
000002562|1|7-12|12"|3+|3+||
000002562|2|4-6|10"|4+|4+||
000002562|3|1-3|8"|5+|5+||
000002563|0|RemainingW|M|WS|BS||
000002563|1|7-12|12"|3+|3+||
000002563|2|4-6|10"|4+|4+||
000002563|3|1-3|8"|5+|5+||
000002564|0|RemainingW|M|WS|BS||
000002564|1|7-12|14"|2+|3+||
000002564|2|4-6|12"|3+|4+||
000002564|3|1-3|10"|4+|5+||
000002565|0|RemainingW|M|WS|BS||
000002565|1|7-12|12"|3+|3+||
000002565|2|4-6|10"|4+|4+||
000002565|3|1-3|8"|5+|5+||
000002566|0|RemainingW|M|WS|BS||
000002566|1|7-12|12"|3+|3+||
000002566|2|4-6|10"|4+|4+||
000002566|3|1-3|8"|5+|5+||
000002567|0|RemainingW|M|WS|BS||
000002567|1|13-24|10"|3+|3+||
000002567|2|7-12|8"|4+|4+||
000002567|3|1-6|6"|5+|5+||
000002568|0|RemainingW|M|BS|A||
000002568|1|10-18|10"|3+|6||
000002568|2|5-9|5"|4+|D6||
000002568|3|1-4|3"|5+|D3||
000002572|0|RemainingW|M|BS|A||
000002572|1|6-11|12"|3+|3||
000002572|2|3-5|6"|4+|D3||
000002572|3|1-2|3"|5+|1||
